{
    "format_version": "1.21.10",
    "minecraft:block": {
        "description": {
            "identifier": "tfc:granite_rock"
        },
        "components": {
            "minecraft:geometry": "geometry.tfc.loose_rock",
            "minecraft:material_instances": {
                "*": { "texture": "tfc:granite_rock", "render_method": "alpha_test" }
            },
            "minecraft:selection_box": { "origin": [-4, 0, -4], "size": [8, 2, 8] },
            "minecraft:collision_box": false,
            "minecraft:destructible_by_mining": { "seconds_to_destroy": 0.1 },
            "minecraft:light_dampening": 0
        }
    }
}