{
    "format_version": "1.21.10",
    "minecraft:block": {
        "description": {
            "identifier": "tfc:native_copper_nugget_block"
        },
        "components": {
            "minecraft:geometry": "geometry.tfc.loose_rock",
            "minecraft:material_instances": {
                "*": { "texture": "tfc:native_copper_nugget", "render_method": "alpha_test" }
            },
            "minecraft:selection_box": { "origin": [-2, 0, -2], "size": [4, 1, 4] },
            "minecraft:collision_box": false,
            "minecraft:destructible_by_mining": { "seconds_to_destroy": 0.1 }
        }
    }
}