{
    "format_version": "1.21.10",
    "minecraft:block": {
        "description": {
            "identifier": "tfc:wild_crop",
            "states": {
                "tfc:crop_type": [0, 1, 2, 3, 4] 
            }
        },
        "components": {
            "minecraft:geometry": "geometry.tfc.wild_crop",
            "minecraft:material_instances": {
                "*": { "texture": "tfc:wild_crops", "render_method": "alpha_test", "face_dimming": false }
            },
            "minecraft:selection_box": { "origin": [-4, 0, -4], "size": [8, 12, 8] },
            "minecraft:collision_box": false,
            "minecraft:destructible_by_mining": { "seconds_to_destroy": 0.1 },
            "minecraft:queued_ticking": { "looping": false, "interval_range": [0, 0] }
        }
    }
}