{
    "format_version": "1.21.10",
    "minecraft:block": {
        "description": {
            "identifier": "tfc:quern",
            "states": { "tfc:is_turning": [false, true] }
        },
        "components": {
            "minecraft:geometry": "geometry.tfc.quern",
            "minecraft:material_instances": {
                "*": { "texture": "tfc:quern", "render_method": "alpha_test" }
            },
            "minecraft:destructible_by_mining": { "seconds_to_destroy": 3.0 }
        }
    }
}