{
    "format_version": "1.21.10",
    "minecraft:block": {
        "description": {
            "identifier": "tfc:barrel",
            "menu_category": {
                "category": "items",
                "group": "itemGroup.name.chest"
            },
            "states": {
                "tfc:fluid_level": [0, 1, 2, 3],
                "tfc:is_sealed": [false, true]
            }
        },
        "components": {
            "minecraft:geometry": "geometry.tfc.barrel_empty",
            "minecraft:material_instances": {
                "*": { "texture": "tfc:barrel", "render_method": "opaque" },
                "fluid": { "texture": "tfc:barrel_water", "render_method": "alpha_test" }
            },
            "minecraft:destructible_by_mining": { "seconds_to_destroy": 2.5 },
            "minecraft:selection_box": { "origin": [-7, 0, -7], "size": [14, 16, 14] }
        },
        "permutations": [
            {
                "condition": "query.block_property('tfc:fluid_level') > 0",
                "components": {
                    "minecraft:geometry": "geometry.tfc.barrel_filled"
                }
            },
            {
                "condition": "query.block_property('tfc:is_sealed') == true",
                "components": {
                    "minecraft:selection_box": { "origin": [-8, 0, -8], "size": [16, 16, 16] }
                }
            }
        ]
    }
}
