{
    "format_version": "1.21.10",
    "minecraft:block": {
        "description": {
            "identifier": "tfc:crop_wheat",
            "menu_category": { "category": "nature" },
            "states": { "tfc:growth_stage": [0, 1, 2, 3, 4, 5, 6, 7] }
        },
        "components": {
            "minecraft:geometry": "geometry.tfc.crop_wheat",
            "minecraft:material_instances": {
                "*": { "texture": "tfc:crop_wheat", "render_method": "alpha_test" }
            },
            "minecraft:custom_components": ["tfc:crop_component"],
            "minecraft:destructible_by_mining": { "seconds_to_destroy": 0.1 },
            "minecraft:collision_box": false,
            "minecraft:selection_box": { "origin": [-8, 0, -8], "size": [16, 4, 16] }
        },
        "permutations": [
            {
                "condition": "query.block_property('tfc:growth_stage') <= 3",
                "components": {
                    "minecraft:selection_box": { "origin": [-8, 0, -8], "size": [16, 4, 16] }
                }
            },
            {
                "condition": "query.block_property('tfc:growth_stage') >= 4 && query.block_property('tfc:growth_stage') <= 6",
                "components": {
                    "minecraft:selection_box": { "origin": [-8, 0, -8], "size": [16, 10, 16] }
                }
            },
            {
                "condition": "query.block_property('tfc:growth_stage') == 7",
                "components": {
                    "minecraft:selection_box": { "origin": [-8, 0, -8], "size": [16, 16, 16] },
                    "minecraft:loot": "loot_tables/blocks/crop_wheat_ripe.json"
                }
            }
        ]
    }
}
