{
    "format_version": "1.21.10",
    "minecraft:block": {
        "description": {
            "identifier": "tfc:forge",
            "menu_category": {
                "category": "items",
                "group": "itemGroup.name.stone"
            },
            "states": {
                "tfc:is_burning": [false, true],
                "tfc:has_crucible": [false, true]
            }
        },
        "components": {
            "minecraft:geometry": "geometry.tfc.forge",
            "minecraft:material_instances": {
                "*": {
                    "texture": "tfc:forge",
                    "render_method": "opaque"
                },
                "crucible": {
                    "texture": "tfc:ceramic_crucible",
                    "render_method": "opaque"
                }
            },
            "minecraft:selection_box": {
                "origin": [-8, 0, -8],
                "size": [16, 8, 16]
            },
            "minecraft:collision_box": {
                "origin": [-8, 0, -8],
                "size": [16, 8, 16]
            },
            "minecraft:destructible_by_mining": {
                "seconds_to_destroy": 2.5
            }
        },
        "permutations": [
            {
                "condition": "query.block_property('tfc:is_burning') == true",
                "components": {
                    "minecraft:light_emission": 12,
                    "minecraft:queued_ticking": {
                        "looping": true,
                        "interval_range": [1.0, 1.0],
                        "on_tick": {
                            "event": "tfc:forge_smoke"
                        }
                    }
                }
            },
            {
                "condition": "query.block_property('tfc:has_crucible') == true",
                "components": {
                    "minecraft:geometry": "geometry.tfc.forge_with_crucible"
                }
            }
        ],
        "events": {
            "tfc:forge_smoke": {
                "run_command": {
                    "command": [
                        "particle minecraft:basic_smoke_particle ~ ~0.8 ~",
                        "particle minecraft:basic_flame_particle ~ ~0.5 ~"
                    ]
                }
            }
        }
    }
}
