{
    "format_version": "1.21.10",
    "minecraft:block": {
        "description": {
            "identifier": "tfc:log_pile",
            "menu_category": { "category": "items", "group": "itemGroup.name.wood" },
            "states": { "tfc:count": [1, 2, 3, 4] }
        },
        "components": {
            "minecraft:geometry": "geometry.tfc.log_pile",
            "minecraft:material_instances": {
                "*": { "texture": "tfc:log_pile", "render_method": "opaque" }
            },
            "minecraft:destructible_by_mining": { "seconds_to_destroy": 2.0 },
            "minecraft:collision_box": { "origin": [-8, 0, -8], "size": [16, 16, 16] },
            "minecraft:selection_box": { "origin": [-8, 0, -8], "size": [16, 16, 16] },
            "minecraft:flammable": { "flame_odds": 50, "burn_odds": 0 }
        },
        "events": {
            "tfc:add_log": {
                "condition": "query.block_property('tfc:count') < 4",
                "set_block_property": { "tfc:count": "query.block_property('tfc:count') + 1" }
            }
        }
    }
}
