{
    "format_version": "1.21.10",
    "minecraft:block": {
        "description": {
            "identifier": "tfc:pit_kiln",
            "menu_category": { "category": "items" },
            "states": { "tfc:kiln_stage": [0, 1, 2, 3] }
        },
        "components": {
            "minecraft:geometry": "geometry.tfc.pit_kiln_0",
            "minecraft:material_instances": {
                "*": { "texture": "tfc:pit_kiln", "render_method": "opaque" }
            },
            "minecraft:selection_box": { "origin": [-8, 0, -8], "size": [16, 16, 16] },
            "minecraft:destructible_by_mining": { "seconds_to_destroy": 1.0 }
        },
        "permutations": [
            {
                "condition": "query.block_property('tfc:kiln_stage') == 1",
                "components": { "minecraft:geometry": "geometry.tfc.pit_kiln_1" }
            },
            {
                "condition": "query.block_property('tfc:kiln_stage') == 2",
                "components": { "minecraft:geometry": "geometry.tfc.pit_kiln_2" }
            },
            {
                "condition": "query.block_property('tfc:kiln_stage') == 3",
                "components": { 
                    "minecraft:geometry": "geometry.tfc.pit_kiln_2",
                    "minecraft:light_emission": 12,
                    "minecraft:queued_ticking": {
                        "looping": true,
                        "interval_range": [20, 40],
                        "on_tick": { "event": "tfc:burn_effect" }
                    }
                }
            }
        ],
        "events": {
            "tfc:burn_effect": {
                "run_command": {
                    "command": [
                        "particle minecraft:basic_smoke_particle ~ ~1.2 ~",
                        "particle minecraft:basic_flame_particle ~ ~0.8 ~"
                    ]
                }
            }
        }
    }
}
