{
    "format_version": "1.21.10",
    "minecraft:block": {
        "description": {
            "identifier": "tfc:quern",
            "menu_category": {
                "category": "items",
                "group": "itemGroup.name.stone"
            },
            "states": {
                "tfc:is_turning": [0, 1]
            }
        },
        "components": {
            "minecraft:geometry": "geometry.tfc.quern",
            "minecraft:material_instances": {
                "*": {
                    "texture": "tfc:quern",
                    "render_method": "alpha_test"
                   }
            },

            "minecraft:destructible_by_mining": {
                "seconds_to_destroy": 3.0
            },
            "minecraft:selection_box": {
                "origin": [-8, 0, -8],
                "size": [16, 8, 16]
            },
            "minecraft:collision_box": {
                "origin": [-8, 0, -8],
                "size": [16, 8, 16]
            }
        }
    }
}
