{
    "format_version": "1.21.10",
    "minecraft:block": {
        "description": {
            "identifier": "tfc:rock_raw_andesite",
            "menu_category": { "category": "items", "group": "itemGroup.name.stone" }
        },
        "components": {
            "minecraft:geometry": "geometry.tfc.dropped_rock",
            "minecraft:material_instances": {
                "*": { "texture": "tfc:rock_raw_andesite", "render_method": "alpha_test" }
            },
            // Делаем блок проходимым
            "minecraft:collision_box": false,
            "minecraft:selection_box": { "origin": [-4, 0, -4], "size": [8, 2, 8] },
            "minecraft:destructible_by_mining": { "seconds_to_destroy": 0.1 }
        }
    }
}
