{
    "format_version": "1.21.10",
    "minecraft:block": {
        "description": {
            "identifier": "tfc:scraping_log",
            "states": { "tfc:has_hide": [false, true] }
        },
        "components": {
            "minecraft:geometry": "geometry.tfc.scraping_log",
            "minecraft:material_instances": { "*": { "texture": "tfc:scraping_log", "render_method": "opaque" } },
            "minecraft:selection_box": { "origin": [-8, 0, -8], "size": [16, 8, 32] },
            "minecraft:destructible_by_mining": { "seconds_to_destroy": 2.0 }
        }
    }
}
