{
    "format_version": "1.21.10",
    "minecraft:block": {
        "description": {
            "identifier": "tfc:stone_anvil",
            "states": { "tfc:rock_type": [0, 1, 2, 3] } 
        },
        "components": {
            "minecraft:geometry": "geometry.tfc.stone_anvil",
            "minecraft:material_instances": { "*": { "texture": "tfc:stone_anvil", "render_method": "opaque" } },
            "minecraft:selection_box": { "origin": [-8, 0, -8], "size": [16, 2, 16] },
            "minecraft:collision_box": { "origin": [-8, 0, -8], "size": [16, 2, 16] },
            "minecraft:destructible_by_mining": { "seconds_to_destroy": 1.0 }
        }
    }
}
