{
  "resource_pack_name": "tfc",
  "texture_name": "atlas.items",
  "texture_data": {
    "tfc_quiver": { "textures": "textures/items/tfc/quiver" },
    "tfc_wool_cloth": { "textures": "textures/items/tfc/wool_cloth" },
    "tfc_shuttle": { "textures": "textures/items/tfc/shuttle" },
    "tfc_raw_fat": { "textures": "textures/items/tfc/raw_fat" },
    "tfc_firestarter": { "textures": "textures/items/tfc/firestarter" },
    "tfc_pan_empty": { "textures": "textures/items/tfc/tool/pan_empty" },
    "tfc_pan_filled": { "textures": "textures/items/tfc/tool/pan_filled" },
    "tfc_iron_bloom": { "textures": "textures/items/tfc/iron_bloom" },
    "tfc_flux": { "textures": "textures/items/tfc/flux" },
    "tfc_pig_iron": { "textures": "textures/items/tfc/pig_iron" },
    "tfc_hide_raw_medium": { "textures": "textures/items/tfc/hide/raw_medium" },
    "tfc_hide_soaked_medium": { "textures": "textures/items/tfc/hide/soaked_medium" },
    "tfc_hide_scraped_medium": { "textures": "textures/items/tfc/hide/scraped_medium" },
    "tfc_hide_prepared_medium": { "textures": "textures/items/tfc/hide/prepared_medium" },
    "tfc_leather": { "textures": "textures/items/tfc/leather" },
    "tfc_mortar_pestle": { "textures": "textures/items/tfc/medical/mortar_pestle" },
    "tfc_bandage_linen": { "textures": "textures/items/tfc/medical/bandage_linen" },
    "tfc_poultice": { "textures": "textures/items/tfc/medical/poultice_herbal" },
    "tfc_loose_rock": { "textures": "textures/items/tfc/rock/andesite" },
    "tfc_rock_item_andesite": { "textures": "textures/items/tfc/rock/andesite" },
    "tfc_rock_item_basalt": { "textures": "textures/items/tfc/rock/basalt" },
    "tfc_rock_item_chalk": { "textures": "textures/items/tfc/rock/chalk" },
    "tfc_rock_item_chert": { "textures": "textures/items/tfc/rock/chert" },
    "tfc_rock_item_claystone": { "textures": "textures/items/tfc/rock/claystone" },
    "tfc_rock_item_conglomerate": { "textures": "textures/items/tfc/rock/conglomerate" },
    "tfc_rock_item_dacite": { "textures": "textures/items/tfc/rock/dacite" },
    "tfc_rock_item_diorite": { "textures": "textures/items/tfc/rock/diorite" },
    "tfc_rock_item_dolomite": { "textures": "textures/items/tfc/rock/dolomite" },
    "tfc_rock_item_gabbro": { "textures": "textures/items/tfc/rock/gabbro" },
    "tfc_rock_item_gneiss": { "textures": "textures/items/tfc/rock/gneiss" },
    "tfc_rock_item_granite": { "textures": "textures/items/tfc/rock/granite" },
    "tfc_rock_item_limestone": { "textures": "textures/items/tfc/rock/limestone" },
    "tfc_rock_item_marble": { "textures": "textures/items/tfc/rock/marble" },
    "tfc_rock_item_phyllite": { "textures": "textures/items/tfc/rock/phyllite" },
    "tfc_rock_item_schist": { "textures": "textures/items/tfc/rock/schist" },
    "tfc_rock_item_shale": { "textures": "textures/items/tfc/rock/shale" },
    "tfc_rock_item_slate": { "textures": "textures/items/tfc/rock/slate" },
    "tfc_twig": { "textures": "textures/items/tfc/loose_twig" },
    "tfc_pan_empty": {
      "textures": "textures/items/tfc/tool/pan_empty"
    },
    "tfc_pan_filled": {
      "textures": "textures/items/tfc/tool/pan_filled"
    },
    "tfc_ore_native_copper": {
      "textures": "textures/items/tfc/ore/native_copper"
    },
    "tfc_ore_native_gold": {
      "textures": "textures/items/tfc/ore/native_gold"
    },
    "tfc_ore_cassiterite": {
      "textures": "textures/items/tfc/ore/cassiterite"
    },
    "tfc_firestarter": {
      "textures": "textures/items/tfc/firestarter"
    },
    "tfc_unfired_vessel": {
      "textures": "textures/items/tfc/clay/unfired_vessel"
    },
    "tfc_unfired_bowl": {
      "textures": "textures/items/tfc/clay/unfired_bowl"
    },
    "tfc_unfired_axe_mold": {
      "textures": "textures/items/tfc/clay/unfired_axe_mold"
    },
    "tfc_ceramic_vessel": {
      "textures": "textures/items/tfc/ceramic/vessel"
    },
    "tfc_straw": {
      "textures": "textures/items/tfc/straw"
    }
  }
}