{
  "resource_pack_name": "tfc",
  "texture_name": "atlas.terrain",
  "padding": 8,
  "num_mip_levels": 4,
  "texture_data": {
    "tfc_log_pile": { "textures": "textures/blocks/tfc/wood/log/oak" },
    "tfc_charcoal_pile": { "textures": "textures/blocks/tfc/devices/charcoal_pile" },
    "tfc_bloomery": { "textures": "textures/blocks/tfc/devices/bloomery" },
    "tfc_blast_furnace": { "textures": "textures/blocks/tfc/devices/blast_furnace" },
    "tfc_barrel_oak": { "textures": "textures/blocks/tfc/wood/planks/oak" },
    "tfc_water_wheel": { "textures": "textures/blocks/tfc/wood/planks/oak" },
    "tfc_fire_bricks": { "textures": "textures/blocks/tfc/devices/fire_bricks" },
    "tfc_stone_anvil": { "textures": "textures/blocks/tfc/rock/raw/andesite" },
    "tfc_bellows": { "textures": "textures/blocks/tfc/devices/bellows" },
    "tfc_quern": { "textures": "textures/blocks/tfc/rock/raw/andesite" },
    "tfc_grist_mill": { "textures": "textures/blocks/tfc/rock/raw/andesite" },
    "tfc_loom_wood": { "textures": "textures/blocks/tfc/wood/planks/oak" },
    "tfc_support_oak": { "textures": "textures/blocks/tfc/wood/support/oak" },
    "tfc_pit_kiln_unlit": {
      "textures": [
        "textures/blocks/tfc/pit_kiln/straw",
        "textures/blocks/tfc/pit_kiln/logs",
        "textures/blocks/tfc/pit_kiln/clay"
      ]
    },
    "tfc_rock_raw_andesite": { "textures": "textures/blocks/tfc/rock/raw/andesite" },
    "tfc_rock_raw_basalt": { "textures": "textures/blocks/tfc/rock/raw/basalt" },
    "tfc_rock_raw_chalk": { "textures": "textures/blocks/tfc/rock/raw/chalk" },
    "tfc_rock_raw_chert": { "textures": "textures/blocks/tfc/rock/raw/chert" },
    "tfc_rock_raw_claystone": { "textures": "textures/blocks/tfc/rock/raw/claystone" },
    "tfc_rock_raw_conglomerate": { "textures": "textures/blocks/tfc/rock/raw/conglomerate" },
    "tfc_rock_raw_dacite": { "textures": "textures/blocks/tfc/rock/raw/dacite" },
    "tfc_rock_raw_diorite": { "textures": "textures/blocks/tfc/rock/raw/diorite" },
    "tfc_rock_raw_dolomite": { "textures": "textures/blocks/tfc/rock/raw/dolomite" },
    "tfc_rock_raw_gabbro": { "textures": "textures/blocks/tfc/rock/raw/gabbro" },
    "tfc_rock_raw_gneiss": { "textures": "textures/blocks/tfc/rock/raw/gneiss" },
    "tfc_rock_raw_granite": { "textures": "textures/blocks/tfc/rock/raw/granite" },
    "tfc_rock_raw_limestone": { "textures": "textures/blocks/tfc/rock/raw/limestone" },
    "tfc_rock_raw_marble": { "textures": "textures/blocks/tfc/rock/raw/marble" },
    "tfc_rock_raw_phyllite": { "textures": "textures/blocks/tfc/rock/raw/phyllite" },
    "tfc_rock_raw_schist": { "textures": "textures/blocks/tfc/rock/raw/schist" },
    "tfc_rock_raw_shale": { "textures": "textures/blocks/tfc/rock/raw/shale" },
    "tfc_rock_raw_slate": { "textures": "textures/blocks/tfc/rock/raw/slate" },
    "tfc_loose_rock": {
      "textures": "textures/blocks/tfc/rock/raw/andesite"
    }
  }
}