{
    "format_version": "1.21.10",
    "minecraft:item": {
        "description": {
            "identifier": "tfc:copper_pickaxe"
        },
        "components": {
            "minecraft:icon": { "texture": "tfc:copper_pickaxe" },
            "minecraft:display_name": { "value": "item.tfc.copper_pickaxe.name" },
            "minecraft:max_stack_size": 1,
            "minecraft:hand_equipped": true,
            "minecraft:durability": { "max_durability": 600 },
            "minecraft:digger": {
                "use_efficiency": true,
                "destroy_speeds": [
                    { "block": { "tags": "query.any_tag('stone', 'metal', 'iron', 'diamond')" }, "speed": 5 }
                ]
            }
        }
    }
}