{
    "format_version": "1.21.10",
    "minecraft:item": {
        "description": {
            "identifier": "tfc:flint_axe"
        },
        "components": {
            "minecraft:icon": { "texture": "tfc:flint_axe" },
            "minecraft:display_name": { "value": "item.tfc.flint_axe.name" },
            "minecraft:max_stack_size": 1,
            "minecraft:digger": {
                "use_efficiency": true,
                "destroy_speeds": [
                    { "block": { "tags": "query.any_tag('wood')" }, "speed": 4 }
                ]
            },
            "minecraft:durability": { "max_durability": 50 },
            "minecraft:hand_equipped": true
        }
    }
}