{
  "format_version": "1.21.20",
  "minecraft:ore_feature": {
    "description": {
      "identifier": "tfc:rock_layer_feature"
    },
    "count": 32,
    "replace_rules": [
      {
        "places_block": "tfc:sedimentary_rock",
        "may_replace": [
          { "name": "minecraft:stone" },
          { "name": "minecraft:deepslate" }
        ]
      },
      {
        "places_block": "tfc:igneous_extrusive_rock",
        "may_replace": [
          { "name": "minecraft:andesite" },
          { "name": "minecraft:diorite" },
          { "name": "minecraft:granite" }
        ]
      }
    ]
  }
}