{
  "format_version": "1.12.0",
  "minecraft:geometry": [
    {
      "description": {
        "identifier": "geometry.tfc.barrel",
        "texture_width": 64, "texture_height": 64,
        "visible_bounds_width": 1, "visible_bounds_height": 1,
        "visible_bounds_offset": [0, 0.5, 0]
      },
      "bones": [
        { "name": "body", "pivot": [0, 0, 0], "cubes": [
          { "origin": [-7, 0, -7], "size": [14, 14, 14], "uv": [0, 0] },
          { "origin": [-8, 2, -8], "size": [16, 2, 16], "uv": [0, 32] },
          { "origin": [-8, 11, -8], "size": [16, 2, 16], "uv": [0, 32] }
        ]},
        { "name": "liquid", "pivot": [0, 2, 0], "cubes": [
          { "origin": [-6.5, 2, -6.5], "size": [13, 11, 13], "uv": [0, 0], "inflate": 0.05 }
        ]},
        { "name": "lid", "pivot": [0, 14, 0], "cubes": [
          { "origin": [-8, 14, -8], "size": [16, 1, 16], "uv": [0, 0] }
        ]}
      ]
    }
  ]
}