{
  "format_version": "1.12.0",
  "minecraft:geometry": [
    {
      "description": {
        "identifier": "geometry.tfc.log_pile",
        "texture_width": 64, "texture_height": 64,
        "visible_bounds_width": 1, "visible_bounds_height": 1.5,
        "visible_bounds_offset": [0, 0.75, 0]
      },
      "bones": [
        { "name": "layer1", "pivot": [0, 0, 0], "cubes": [
          {"origin": [-7, 0, -7], "size": [14, 4, 3], "uv": [0, 0]},
          {"origin": [-7, 0, -2], "size": [14, 4, 3], "uv": [0, 0]},
          {"origin": [-7, 0, 3], "size": [14, 4, 3], "uv": [0, 0]},
          {"origin": [-7, 0, 8], "size": [14, 4, 3], "uv": [0, 0]}
        ]},
        { "name": "layer2", "pivot": [0, 4, 0], "cubes": [
          {"origin": [-7, 4, -7], "size": [3, 4, 14], "uv": [0, 0], "rotation": [0, 90, 0]},
          {"origin": [-2, 4, -7], "size": [3, 4, 14], "uv": [0, 0], "rotation": [0, 90, 0]},
          {"origin": [3, 4, -7], "size": [3, 4, 14], "uv": [0, 0], "rotation": [0, 90, 0]},
          {"origin": [8, 4, -7], "size": [3, 4, 14], "uv": [0, 0], "rotation": [0, 90, 0]}
        ]},
        { "name": "layer3", "pivot": [0, 8, 0], "cubes": [
          {"origin": [-7, 8, -7], "size": [14, 4, 3], "uv": [0, 0]},
          {"origin": [-7, 8, -2], "size": [14, 4, 3], "uv": [0, 0]}
        ]},
        { "name": "layer4", "pivot": [0, 12, 0], "cubes": [
          {"origin": [-7, 12, -7], "size": [3, 4, 14], "uv": [0, 0], "rotation": [0, 90, 0]}
        ]}
      ]
    }
  ]
}