{
	"format_version": "1.12.0",
	"minecraft:geometry": [
		{
			"description": {
				"identifier": "geometry.tfc.loose_rock",
				"texture_width": 16,
				"texture_height": 16,
				"visible_bounds_width": 1,
				"visible_bounds_height": 0.5,
				"visible_bounds_offset": [0, 0.1, 0]
			},
			"bones": [
				{
					"name": "root",
					"pivot": [0, 0, 0],
					"cubes": [
						{
							"origin": [-3, 0, -2.5],
							"size": [5, 0.5, 5],
							"uv": [0, 0],
							"comment": "Основной плоский осколок"
						},
						{
							"origin": [-1.5, 0.25, -1],
							"size": [2, 0.75, 2],
							"uv": [0, 10],
							"comment": "Приподнятая часть для объема"
						},
						{
							"origin": [1, 0, 1],
							"size": [1.5, 0.3, 1.5],
							"uv": [10, 10],
							"comment": "Мелкий осколок рядом"
						}
					]
				}
			]
		}
	]
}