{
	"format_version": "1.12.0",
	"minecraft:geometry": [
		{
			"description": {
				"identifier": "geometry.tfc.pit_kiln_unlit",
				"texture_width": 64,
				"texture_height": 64,
				"visible_bounds_width": 2,
				"visible_bounds_height": 1.5,
				"visible_bounds_offset": [0, 0.75, 0]
			},
			"bones": [
				{
					"name": "base",
					"pivot":,
					"cubes": [
						{"origin": [-8, 0, -8], "size":, "uv":}
					]
				},
				{
					"name": "logs",
					"parent": "base",
					"pivot":,
					"cubes": [
						{"origin": [-8, 0, -8], "size": [16, 4, 16], "uv":}
					]
				},
				{
					"name": "straw_and_clay",
					"parent": "base",
					"pivot":,
					"cubes": [
						{"origin": [-8.5, 4, -8.5], "size":, "uv":},
						{"origin": [-8, 4.5, -8], "size": [16, 8, 16], "uv":, "inflate": -0.1}
					]
				}
			]
		}
	]
}