{
  "format_version": "1.12.0",
  "minecraft:geometry": [
    {
      "description": { "identifier": "geometry.tfc.support_vertical", "texture_width": 32, "texture_height": 32 },
      "bones": [ { "name": "root", "cubes": [ {"origin": [-2,0,-2], "size": [4,16,4], "uv": [0,0]} ] } ]
    },
    {
      "description": { "identifier": "geometry.tfc.support_horizontal", "texture_width": 32, "texture_height": 32 },
      "bones": [ { "name": "root", "cubes": [ {"origin": [-8,12,-2], "size": [16,4,4], "uv": [0,0]} ] } ]
    }
  ]
}