{
  "format_version": "1.12.0",
  "minecraft:geometry": [
    {
      "description": {
        "identifier": "geometry.tfc.water_wheel",
        "texture_width": 64, "texture_height": 64,
        "visible_bounds_width": 3, "visible_bounds_height": 3
      },
      "bones": [
        { "name": "axle", "pivot": [0, 8, 0], "cubes": [
          { "origin": [-2, 6, -8], "size": [4, 4, 16], "uv": [0, 0] }
        ]},
        { "name": "wheel", "parent": "axle", "pivot": [0, 8, 0], "cubes": [
          { "origin": [-1, -8, -8], "size": [2, 32, 2], "uv": [0, 0] },
          { "origin": [-1, -8, 6], "size": [2, 32, 2], "uv": [0, 0] },
          { "origin": [-1, 7, -8], "size": [2, 2, 16], "uv": [0, 0], "rotation": [90, 0, 0] }
        ]}
      ]
    }
  ]
}