{
	"format_version": "1.12.0",
	"minecraft:geometry": [
		{
			"description": {
				"identifier": "geometry.tfc.candle",
				"texture_width": 32,
				"texture_height": 32,
				"visible_bounds_width": 1,
				"visible_bounds_height": 1,
				"visible_bounds_offset": [0, 0.5, 0]
			},
			"bones": [
				{
					"name": "candle1",
					"pivot": [2, 0, 2],
					"cubes": [
						{"origin": [1, 0, 1], "size": [2, 7, 2], "uv": [0, 0]},
						{"origin": [1.5, 7, 1.5], "size": [1, 1, 1], "uv": [0, 9]}
					]
				},
				{
					"name": "candle2",
					"pivot": [-2, 0, 2],
					"cubes": [
						{"origin": [-3, 0, 1], "size": [2, 6, 2], "uv": [8, 0]},
						{"origin": [-2.5, 6, 1.5], "size": [1, 1, 1], "uv": [8, 9]}
					]
				},
				{
					"name": "candle3",
					"pivot": [2, 0, -2],
					"cubes": [
						{"origin": [1, 0, -3], "size": [2, 8, 2], "uv": [16, 0]},
						{"origin": [1.5, 8, -2.5], "size": [1, 1, 1], "uv": [16, 9]}
					]
				},
				{
					"name": "candle4",
					"pivot": [-2, 0, -2],
					"cubes": [
						{"origin": [-3, 0, -3], "size": [2, 5, 2], "uv": [24, 0]},
						{"origin": [-2.5, 5, -2.5], "size": [1, 1, 1], "uv": [24, 9]}
					]
				}
			]
		}
	]
}