{
	"format_version": "1.12.0",
	"minecraft:geometry": [
		{
			"description": {
				"identifier": "geometry.torch",
				"texture_width": 16,
				"texture_height": 16,
				"visible_bounds_width": 1,
				"visible_bounds_height": 1,
				"visible_bounds_offset": [0, 0, 0]
			},
			"bones": [
				{
					"name": "torch",
					"pivot": [0, 0, 0],
					"cubes": [
						{
							"origin": [-1, 0, -1],
							"size": [2, 10, 2],
							"uv": {
								"north": {"uv": [7, 6], "uv_size": [2, 10]},
								"east": {"uv": [7, 6], "uv_size": [2, 10]},
								"south": {"uv": [7, 6], "uv_size": [2, 10]},
								"west": {"uv": [7, 6], "uv_size": [2, 10]},
								"up": {"uv": [7, 6], "uv_size": [2, 2]},
								"down": {"uv": [7, 14], "uv_size": [2, 2]}
							}
						}
					]
				}
			]
		}
	]
}