{
	"resource_pack_name": "tfc_bedrock",
	"texture_name": "atlas.items",
	"texture_data": {
		"tfc:granite_rock_item": {
			"textures": "textures/items/rock/granite"
		},
        "tfc:gui_knapping_axe": { "textures": "textures/gui/knapping/axe_head" },
        "tfc:gui_knapping_shovel": { "textures": "textures/gui/knapping/shovel_head" },
        "tfc:gui_knapping_knife": { "textures": "textures/gui/knapping/knife_blade" },
        "tfc:gui_knapping_hoe": { "textures": "textures/gui/knapping/hoe_head" 
        },
        "tfc:copper_axe": { "textures": "textures/items/tool/copper_axe" },
        "tfc:copper_pickaxe": { "textures": "textures/items/tool/copper_pickaxe" },
        "tfc:copper_knife": { "textures": "textures/items/tool/copper_knife" 
       }
	}
}