{
	"resource_pack_name": "tfc_bedrock",
	"texture_name": "atlas.terrain",
	"num_mip_levels": 4,
	"padding": 8,
	"texture_data": {
		"tfc:granite_rock": {
			"textures": "textures/blocks/rock/loose/granite"
		},
        "tfc:bloomery": {
            "textures": "textures/blocks/devices/bloomery"
        },
        "tfc:compost_bin": {
           "textures": "textures/blocks/agriculture/compost_bin"
        },
        "tfc:wild_crops": {
            "textures": [
                "textures/blocks/plants/wild_wheat",
                "textures/blocks/plants/wild_corn",
                "textures/blocks/plants/wild_tomato",
                "textures/blocks/plants/wild_rye",
                "textures/blocks/plants/wild_rice"
            ]
        },
        "tfc:bloomery": { 
            "textures": "textures/blocks/devices/bloomery"},
        "tfc:stone_anvil": { 
            "textures": "textures/blocks/devices/anvil/stone" },
        "tfc:copper_anvil": { 
            "textures": "textures/blocks/devices/anvil/copper" },
        "tfc:bronze_anvil": { 
            "textures": "textures/blocks/devices/anvil/bronze" },
        "tfc:iron_anvil": { 
            "textures": "textures/blocks/devices/anvil/iron" },
        "tfc:steel_anvil": { 
            "textures": "textures/blocks/devices/anvil/steel" 
        },
       "tfc:dead_torch": {
           "textures": "textures/blocks/lighting/dead_torch"
        },
        "tfc:candle": {
            "textures": "textures/blocks/lighting/candle"
        }
	}
}