{
    "format_version": "1.10.0",
    "minecraft:client_entity": {
        "description": {
            "identifier": "tfc:thrown_spear",
            "materials": { "default": "entity_alphatest" },
            "textures": { "default": "textures/entity/thrown_spear" },
            "geometry": { "default": "geometry.tfc.thrown_spear" },
            "render_controllers": [ "controller.render.default" ],
            "spawn_egg": { "base_color": "#735d4b", "overlay_color": "#b3b3b3" }
        }
    }
}
