{
  "format_version": "1.21.10",
  "minecraft:block": {
    "description": {
      "identifier": "tfc:stone_anvil",
      "states": { "tfc:anvil_tier": [0, 1, 2] }
    },
    "components": {
      "minecraft:geometry": "geometry.tfc.anvil",
      "minecraft:material_instances": {
        "*": { "texture": "tfc:stone_anvil", "render_method": "alpha_test" }
      },
      "minecraft:selection_box": { "origin": [-8, 0, -5], "size": [16, 10, 10] },
      "minecraft:collision_box": { "origin": [-8, 0, -5], "size": [16, 10, 10] },
      "minecraft:destructible_by_mining": { "seconds_to_destroy": 2.5 }
    }
  }
}