{
    "format_version": "1.21.10",
    "minecraft:block": {
        "description": {
            "identifier": "tfc:barrel"
        },
        "components": {
            "minecraft:geometry": "geometry.tfc.barrel",
            "minecraft:material_instances": {
                "*": { "texture": "tfc:barrel_oak", "render_method": "alpha_test" }
            },
            "minecraft:selection_box": { "origin": [-7, 0, -7], "size": [14, 16, 14] },
            "minecraft:collision_box": { "origin": [-7, 0, -7], "size": [14, 16, 14] },
            "minecraft:destructible_by_mining": { "seconds_to_destroy": 1.5 }
        }
    }
}