{
    "format_version": "1.21.10",
    "minecraft:block": {
        "description": {
            "identifier": "tfc:beehive",
            "states": { "tfc:has_honey": [false, true] }
        },
        "components": {
            "minecraft:geometry": "geometry.tfc.beehive",
            "minecraft:material_instances": {
                "*": { "texture": "tfc:beehive", "render_method": "alpha_test" }
            },
            "minecraft:destructible_by_mining": { "seconds_to_destroy": 0.5 }
        }
    }
}