{
    "format_version": "1.21.10",
    "minecraft:block": {
        "description": {
            "identifier": "tfc:bellows",
            "states": { "tfc:is_compressed": [false, true] }
        },
        "components": {
            "minecraft:geometry": "geometry.tfc.bellows",
            "minecraft:material_instances": { "*": { "texture": "tfc:bellows", "render_method": "alpha_test" } },
            "minecraft:selection_box": { "origin": [-8, 0, -8], "size": },
            "minecraft:destructible_by_mining": { "seconds_to_destroy": 0.5 },
            "minecraft:on_player_placing": { "event": "tfc:set_direction" }
        }
    }
}