{
    "format_version": "1.21.10",
    "minecraft:block": {
        "description": {
            "identifier": "tfc:blast_furnace",
            "states": { "tfc:is_lit": [false, true] }
        },
        "components": {
            "minecraft:geometry": "geometry.tfc.bloomery", 
            "minecraft:material_instances": { "*": { "texture": "tfc:blast_furnace", "render_method": "alpha_test" } },
            "minecraft:light_emission": "query.block_state('tfc:is_lit') ? 15 : 0"
        }
    }
}