{
    "format_version": "1.21.10",
    "minecraft:block": {
        "description": {
            "identifier": "tfc:bloomery",
            "states": { "tfc:is_lit": [false, true] }
        },
        "components": {
            "minecraft:geometry": "geometry.tfc.bloomery",
            "minecraft:material_instances": {
                "*": { "texture": "tfc:bloomery", "render_method": "alpha_test" }
            },
            "minecraft:light_emission": "query.block_state('tfc:is_lit') ? 15 : 0",
            "minecraft:destructible_by_mining": { "seconds_to_destroy": 2.0 }
        }
    }
}