{
    "format_version": "1.21.10",
    "minecraft:block": {
        "description": {
            "identifier": "tfc:firepit",
            "states": {
                "tfc:fuel_level": [0, 1, 2, 3],
                "tfc:is_lit": [false, true]
            }
        },
        "components": {
            "minecraft:geometry": "geometry.tfc.firepit",
            "minecraft:material_instances": {
                "*": { "texture": "tfc:firepit", "render_method": "alpha_test" }
            },
            "minecraft:selection_box": { "origin": [-8, 0, -8], "size": [16, 2, 16] },
            "minecraft:collision_box": false,
            "minecraft:light_emission": "query.block_state('tfc:is_lit') ? 12 : 0",
            "minecraft:destructible_by_mining": { "seconds_to_destroy": 0.1 },
            "minecraft:queued_ticking": {
                "looping": true,
                "interval_range": [20, 20]
            }
        }
    }
}