{
    "format_version": "1.21.10",
    "minecraft:block": {
        "description": {
            "identifier": "tfc:large_vessel",
            "states": { "tfc:is_sealed": [false, true] }
        },
        "components": {
            "minecraft:geometry": "geometry.tfc.large_vessel",
            "minecraft:material_instances": { "*": { "texture": "tfc:large_vessel", "render_method": "alpha_test" } },
            "minecraft:inventory": { "container_type": "container", "inventory_size": 9 },
            "minecraft:destructible_by_mining": { "seconds_to_destroy": 1.0 }
        }
    }
}