{
    "format_version": "1.21.10",
    "minecraft:block": {
        "description": {
            "identifier": "tfc:loom"
        },
        "components": {
            "minecraft:geometry": "geometry.tfc.loom",
            "minecraft:material_instances": {
                "*": { "texture": "tfc:loom", "render_method": "alpha_test" }
            },
            "minecraft:selection_box": { "origin": [-8, 0, -1], "size": [16, 16, 2] },
            "minecraft:collision_box": { "origin": [-8, 0, -1], "size": [16, 16, 2] },
            "minecraft:destructible_by_mining": { "seconds_to_destroy": 1.0 }
        }
    }
}