{
    "format_version": "1.21.10",
    "minecraft:block": {
        "description": {
            "identifier": "tfc:pit_kiln",
            "states": { "tfc:is_burning": [false, true] }
        },
        "components": {
            "minecraft:geometry": "geometry.tfc.pit_kiln",
            "minecraft:material_instances": {
                "*": { "texture": "tfc:pit_kiln", "render_method": "alpha_test" }
            },
            "minecraft:selection_box": { "origin": [-8, 0, -8], "size": [16, 2, 16] },
            "minecraft:collision_box": false,
            "minecraft:light_emission": "query.block_state('tfc:is_burning') ? 12 : 0",
            "minecraft:destructible_by_mining": { "seconds_to_destroy": 0.2 },
            "minecraft:map_color": "#5C4033"
        }
    }
}