{
    "format_version": "1.21.10",
    "minecraft:block": {
        "description": {
            "identifier": "tfc:steel_anvil"
        },
        "components": {
            "minecraft:geometry": "geometry.tfc.anvil",
            "minecraft:material_instances": {
                "*": { "texture": "tfc:steel_anvil", "render_method": "alpha_test" }
            },
            "minecraft:selection_box": { "origin": [-8, 0, -5], "size": },
            "minecraft:collision_box": { "origin": [-8, 0, -5], "size": },
            "minecraft:destructible_by_mining": { "seconds_to_destroy": 8.0 }
        }
    }
}
{
    "format_version": "1.21.10",
    "minecraft:block": {
        "description": {
            "identifier": "tfc:steel_anvil"
        },
        "components": {
            "minecraft:geometry": "geometry.tfc.anvil",
            "minecraft:material_instances": {
                "*": { "texture": "tfc:steel_anvil", "render_method": "alpha_test" }
            },
            "minecraft:destructible_by_mining": { "seconds_to_destroy": 10.0 },
            "minecraft:map_color": "#464646"
        }
    }
}