{
    "format_version": "1.21.10",
    "minecraft:block": {
        "description": {
            "identifier": "tfc:apple_leaves",
            "states": {
                "tfc:fruit_state": [0, 1, 2] 
            }
        },
        "components": {
            "minecraft:geometry": "geometry.full_block",
            "minecraft:material_instances": {
                "*": { "texture": "tfc:apple_leaves_base", "render_method": "alpha_test" },
                "blooming": { "texture": "tfc:apple_leaves_blooming", "render_method": "alpha_test" },
                "fruiting": { "texture": "tfc:apple_leaves_fruiting", "render_method": "alpha_test" }
            },
            "minecraft:destructible_by_mining": { "seconds_to_destroy": 0.2 },
            "minecraft:face_dimming": false
        }
    }
}