{
  "format_version": "1.21.10",
  "minecraft:feature_rule": {
    "description": {
      "identifier": "tfc:clay_indicator_rule",
      "places_feature": "tfc:clay_indicator_feature"
    },
    "conditions": {
      "placement_pass": "surface_pass",
      "minecraft:biome_filter": [
        { "test": "has_biome_tag", "operator": "==", "value": "overworld" }
      ]
    },
    "distribution": {
      "iterations": 1,
      "scatter_chance": 10.0,
      "x": { "distribution": "uniform", "extent": [0, 16] },
      "y": "query.heightmap(variable.worldx, variable.worldz)",
      "z": { "distribution": "uniform", "extent": [0, 16] }
    }
  }
}