{
  "format_version": "1.21.10",
  "minecraft:feature_rule": {
    "description": {
      "identifier": "tfc:loose_rock_rule",
      "places_feature": "tfc:loose_rock_feature"
    },
    "conditions": {
      "placement_pass": "surface_pass",
      "minecraft:biome_filter": [
        {
          "test": "has_biome_tag",
          "operator": "==",
          "value": "overworld"
        }
      ]
    },
    "distribution": {
      "iterations": 1,
      "scatter_chance": 20.0,
      "x": {
        "distribution": "uniform",
        "extent": [ 0, 15 ]
      },
      "y": "query.heightmap(variable.worldx, variable.worldz)",
      "z": {
        "distribution": "uniform",
        "extent": [ 0, 15 ]
      }
    }
  }
}