{
  "format_version": "1.21.10",
  "minecraft:feature_rule": {
    "description": {
      "identifier": "tfc:clay_patch_rule",
      "places_feature": "tfc:clay_patch_feature"
    },
    "conditions": {
      "placement_pass": "surface_pass",
      "minecraft:biome_filter": [
        {
          "any_of": [
            { "test": "has_biome_tag", "operator": "==", "value": "plains" },
            { "test": "has_biome_tag", "operator": "==", "value": "forest" },
            { "test": "has_biome_tag", "operator": "==", "value": "river" }
          ]
        }
      ]
    },
    "distribution": {
      "iterations": 1,
      "scatter_chance": 10.0,
      "x": { "distribution": "uniform", "extent": [0, 16] },
      "y": "query.heightmap(variable.worldx, variable.worldz) - 1",
      "z": { "distribution": "uniform", "extent": [0, 16] }
    }
  }
}