{
  "format_version": "1.21.10",
  "minecraft:feature_rule": {
    "description": {
      "identifier": "tfc:rock_feature_rule",
      "places_feature": "tfc:rock_feature"
    },
    "conditions": {
      "placement_pass": "surface_pass",
      "minecraft:biome_filter": {
        "any_of": [
          { "test": "has_biome_tag", "operator": "==", "value": "overworld" }
        ]
      }
    },
    "distribution": {
      "iterations": 1,
      "coordinate_evaluator": "uniform",
      "x": { "distribution": "uniform", "extent": [0, 15] },
      "y": "query.heightmap(variable.worldx, variable.worldz) + 0",
      "z": { "distribution": "uniform", "extent": [0, 15] },
      "chance": 5.0 
    }
  }
}
