{
  "format_version": "1.21.10",
  "minecraft:block": {
    "description": {
      "identifier": "tfc:rock/raw/granite",
      "menu_category": { "category": "nature" },
      "states": { "tfc:rock_category": ["igneous_intrusive"] }
    },
    "components": {
      "minecraft:destructible_by_mining": { "seconds_to_destroy": 2.5 },
      "minecraft:experience_drop": { "experience": 0 },
      "minecraft:map_color": "#7d7d7d",
      "minecraft:material_instances": {
        "*": { "texture": "tfc_rock_raw_granite", "render_method": "opaque" }
      }
    }
  }
}