{
  "format_version": "1.21.10",
  "minecraft:geometry": [
    {
      "description": {
        "identifier": "geometry.tfc.anvil",
        "texture_width": 64,
        "texture_height": 64,
        "visible_bounds_width": 2,
        "visible_bounds_height": 2,
        "visible_bounds_offset": [0, 0.5, 0]
      },
      "bones": [
        {
          "name": "root",
          "pivot": [0, 0, 0],
          "cubes": [
            { "origin": [-4, 0, -4], "size": [8, 4, 8], "uv": [0, 0] }
          ]
        }
      ]
    }
  ]
}