{
  "resource_pack_name": "tfc_resource_pack",
  "texture_name": "atlas.items",
  "texture_data": {
    "tfc:straw": { "textures": "textures/items/straw" },
    "tfc:ceramic_bowl": { "textures": "textures/items/ceramic_bowl" },
    "tfc:ceramic_bowl_unfired": { "textures": "textures/items/ceramic_bowl_unfired" },
    "tfc:ceramic_crucible": { "textures": "textures/items/crucible_empty" },
    "tfc:crucible_molten_copper": { "textures": "textures/items/crucible_molten_copper" },
    "tfc:metal_ingot_copper": { "textures": "textures/items/ingot_copper" },
    "tfc:metal_pickaxe_head_copper": { "textures": "textures/items/pickaxe_head_copper" },
    "tfc:copper_pickaxe": { "textures": "textures/items/pickaxe_copper" },
    "tfc:raw_hide": { "textures": "textures/items/hide_raw" },
    "tfc:soaked_hide": { "textures": "textures/items/hide_soaked" },
    "tfc:leather": { "textures": "textures/items/leather" },
    "tfc:rot": { "textures": "textures/items/rot" },
    "tfc:food_salted_beef": { "textures": "textures/items/food/beef_salted" }
  }
}
