{
  "resource_pack_name": "tfc_resource_pack",
  "texture_name": "atlas.terrain",
  "texture_data": {
    "tfc:barrel": { "textures": "textures/blocks/barrel_side" },
    "tfc:barrel_water": { "textures": "textures/blocks/water_still" },
    "tfc:forge": { "textures": "textures/blocks/forge_stone" },
    "tfc:pit_kiln": { "textures": "textures/blocks/pit_kiln_base" },
    "tfc:log_pile": { "textures": "textures/blocks/log_pile_top" },
    "tfc:stone_anvil": { "textures": "textures/blocks/stone_anvil_top" },
    "tfc:crop_wheat": {
      "textures": [
        "textures/blocks/crops/wheat_0",
        "textures/blocks/crops/wheat_1",
        "textures/blocks/crops/wheat_2",
        "textures/blocks/crops/wheat_3",
        "textures/blocks/crops/wheat_4",
        "textures/blocks/crops/wheat_5",
        "textures/blocks/crops/wheat_6",
        "textures/blocks/crops/wheat_7"
      ]
    }
  }
}
