{
	"format_version": "1.12.0",
	"minecraft:geometry": [
		{
			"description": {
				"identifier": "geometry.tfc.barrel_filled",
				"texture_width": 32,
				"texture_height": 32,
				"visible_bounds_width": 1,
				"visible_bounds_height": 1,
				"visible_bounds_offset": [0, 0.5, 0]
			},
			"bones": [
				{
					"name": "root",
					"pivot": [0, 0, 0],
					"cubes": [
						{ "origin": [-7, 0, -7], "size": [14, 16, 14], "uv": [0, 0] },
						{ 
							"origin": [-6, 2, -6], "size": [12, 0, 12], "uv": [0, 0], 
							"material_instance": "fluid" 
						}
					]
				}
			]
		},
		{
			"description": {
				"identifier": "geometry.tfc.barrel_empty",
				"texture_width": 32, "texture_height": 32
			},
			"bones": [
				{
					"name": "root",
					"pivot": [0, 0, 0],
					"cubes": [{ "origin": [-7, 0, -7], "size": [14, 16, 14], "uv": [0, 0] }]
				}
			]
		}
	]
}
