{
	"format_version": "1.12.0",
	"minecraft:geometry": [
		{
			"description": {
				"identifier": "geometry.tfc.crop_wheat",
				"texture_width": 64,
				"texture_height": 64,
				"visible_bounds_width": 1,
				"visible_bounds_height": 1.5,
				"visible_bounds_offset": [0, 0.75, 0]
			},
			"bones": [
				{
					"name": "root",
					"pivot": [0, 0, 0]
				},
				{
					"name": "stage_0_3",
					"parent": "root",
					"pivot": [0, 0, 0],
					"cubes": [
						{ "origin": [-8, 0, 0], "size": [16, 4, 0], "uv": [0, 0] },
						{ "origin": [0, 0, -8], "size": [0, 4, 16], "uv": [0, 0] }
					]
				},
				{
					"name": "stage_4_6",
					"parent": "root",
					"pivot": [0, 0, 0],
					"cubes": [
						{ "origin": [-8, 0, 0], "size": [16, 10, 0], "uv": [0, 0] },
						{ "origin": [0, 0, -8], "size": [0, 10, 16], "uv": [0, 0] }
					]
				},
				{
					"name": "stage_7",
					"parent": "root",
					"pivot": [0, 0, 0],
					"cubes": [
						{ "origin": [-8, 0, 0], "size": [16, 16, 0], "uv": [0, 0] },
						{ "origin": [0, 0, -8], "size": [0, 16, 16], "uv": [0, 0] }
					]
				}
			]
		}
	]
}
