{
	"format_version": "1.12.0",
	"minecraft:geometry": [
		{
			"description": {
				"identifier": "geometry.tfc.dropped_rock",
				"texture_width": 32,
				"texture_height": 32,
				"visible_bounds_width": 1,
				"visible_bounds_height": 1,
				"visible_bounds_offset": [0, 0.25, 0]
			},
			"bones": [
				{
					"name": "root",
					"pivot": [0, 0, 0],
					"cubes": [
						{ "origin": [-3, 0, -2], "size": [6, 1, 4], "uv": [0, 0] },
						{ "origin": [-2, 1, -1], "size": [4, 1, 2], "uv": [0, 6] }
					]
				}
			]
		}
	]
}
