{
	"format_version": "1.12.0",
	"minecraft:geometry": [
		{
			"description": {
				"identifier": "geometry.tfc.forge",
				"texture_width": 64,
				"texture_height": 64,
				"visible_bounds_width": 1,
				"visible_bounds_height": 1,
				"visible_bounds_offset": [0, 0.5, 0]
			},
			"bones": [
				{
					"name": "root",
					"pivot": 
				},
				{
					"name": "base",
					"parent": "root",
					"pivot":,
					"cubes": [
						{ "origin": [-8, 0, -8], "size":, "uv": },
						{ "origin": [-8, 2, -8], "size":, "uv": },
						{ "origin": [-8, 2, 6], "size":, "uv": },
						{ "origin": [-8, 2, -6], "size":, "uv": },
						{ "origin": [6, 2, -6], "size":, "uv": }
					]
				},
				{
					"name": "coals",
					"parent": "root",
					"pivot":,
					"cubes": [
						{ "origin": [-6, 2, -6], "size":, "uv": }
					]
				}
			]
		}
	]
}
