{
	"format_version": "1.12.0",
	"minecraft:geometry": [
		{
			"description": {
				"identifier": "geometry.tfc.forge_with_crucible",
				"texture_width": 64,
				"texture_height": 64,
				"visible_bounds_width": 1,
				"visible_bounds_height": 1.2,
				"visible_bounds_offset": [0, 0.6, 0]
			},
			"bones": [
				{
					"name": "root",
					"pivot": [0, 0, 0]
				},
				{
					"name": "base",
					"parent": "root",
					"pivot": [0, 0, 0],
					"cubes": [
						{ "origin": [-8, 0, -8], "size": [16, 2, 16], "uv": [0, 0] },
						{ "origin": [-8, 2, -8], "size": [16, 2, 2], "uv": [0, 18] },
						{ "origin": [-8, 2, 6], "size": [16, 2, 2], "uv": [0, 22] },
						{ "origin": [-8, 2, -6], "size": [2, 2, 12], "uv": [0, 26] },
						{ "origin": [6, 2, -6], "size": [2, 2, 12], "uv": [0, 40] }
					]
				},
				{
					"name": "coals",
					"parent": "root",
					"pivot": [0, 2, 0],
					"cubes": [
						{ "origin": [-6, 2, -6], "size": [12, 1, 12], "uv": [32, 0] }
					]
				},
				{
					"name": "crucible",
					"parent": "root",
					"pivot": [0, 3, 0],
					"cubes": [
						{ "origin": [-3, 3, -3], "size": [6, 5, 6], "uv": [0, 0] },
						{ "origin": [-3.5, 7, -3.5], "size": [7, 1, 7], "uv": [32, 13] }
					]
				}
			]
		}
	]
}
