{
	"format_version": "1.12.0",
	"minecraft:geometry": [
		{
			"description": {
				"identifier": "geometry.tfc.pit_kiln",
				"texture_width": 64,
				"texture_height": 64,
				"visible_bounds_width": 1,
				"visible_bounds_height": 1,
				"visible_bounds_offset": [0, 0.5, 0]
			},
			"bones": [
				{
					"name": "root",
					"pivot": [0, 0, 0]
				},
				{
					"name": "unfired_items",
					"parent": "root",
					"pivot": [0, 0, 0],
					"cubes": [
						{ "origin": [-4, 0.1, -4], "size": [8, 2, 8], "uv": [0, 0] }
					]
				},
				{
					"name": "straw_layer",
					"parent": "root",
					"pivot": [0, 0, 0],
					"cubes": [
						{ "origin": [-7, 2, -7], "size": [14, 4, 14], "uv": [0, 10] }
					]
				},
				{
					"name": "log_layer",
					"parent": "root",
					"pivot": [0, 0, 0],
					"cubes": [
						{ "origin": [-8, 6, -8], "size": [16, 6, 16], "uv": [0, 28] }
					]
				}
			]
		}
	]
}
