{
	"format_version": "1.12.0",
	"minecraft:geometry": [
		{
			"description": {
				"identifier": "geometry.tfc.quern",
				"texture_width": 64,
				"texture_height": 64,
				"visible_bounds_width": 2,
				"visible_bounds_height": 1.5,
				"visible_bounds_offset": [0, 0.75, 0]
			},
			"bones": [
				{
					"name": "base",
					"pivot": [0, 0, 0],
					"cubes": [
						{ "origin": [-8, 0, -8], "size": [16, 8, 16], "uv": [0, 0] }
					]
				},
				{
					"name": "top_stone",
					"pivot": [0, 8, 0],
					"cubes": [
						{ "origin": [-7, 8, -7], "size": [14, 3, 14], "uv": [0, 32] }
					]
				}
			]
		}
	]
}
