{
	"format_version": "1.12.0",
	"minecraft:geometry": [
		{
			"description": {
				"identifier": "geometry.tfc.scraping_log",
				"texture_width": 64, "texture_height": 64,
				"visible_bounds_width": 2, "visible_bounds_height": 1,
				"visible_bounds_offset": [0, 0.5, 0]
			},
			"bones": [
				{ "name": "root", "pivot":  },
				{
					"name": "log",
					"parent": "root",
					"pivot":,
					"rotation": [25, 0, 0],
					"cubes": [
						{ "origin": [-4, 4, -8], "size":, "uv": }
					]
				},
				{
					"name": "legs",
					"parent": "root",
					"pivot":,
					"cubes": [
						{ "origin": [-4, 0, 4], "size":, "uv": },
						{ "origin": [2, 0, 4], "size":, "uv": }
					]
				}
			]
		}
	]
}
