{
  "format_version": "1.8.0",
  "render_controllers": {
    "controller.render.tfc.log_pile": {
      "geometry": "Geometry.default",
      "materials": [ { "*": "Material.default" } ],
      "textures": [ "Texture.default" ],
      "part_visibility": [
        { "layer1": "query.block_property('tfc:pile_count') >= 1" },
        { "layer2": "query.block_property('tfc:pile_count') >= 2" },
        { "layer3": "query.block_property('tfc:pile_count') >= 3" },
        { "layer4": "query.block_property('tfc:pile_count') == 4" }
      ]
    }
  }
}