{
	"format_version": "1.12.0",
	"minecraft:geometry": [
		{
			"description": {
				"identifier": "geometry.tfc.compost_bin",
				"texture_width": 64,
				"texture_height": 64,
				"visible_bounds_width": 1,
				"visible_bounds_height": 1,
				"visible_bounds_offset": [0, 0.5, 0]
			},
			"bones": [
				{
					"name": "base",
					"pivot": [0, 0, 0],
					"cubes": [
						{"origin": [-8, 0, -8], "size": [16, 2, 16], "uv": [0, 0]},
						{"origin": [-8, 2, -8], "size": [2, 14, 2], "uv": [0, 18]},
						{"origin": [6, 2, -8], "size": [2, 14, 2], "uv": [8, 18]},
						{"origin": [-8, 2, 6], "size": [2, 14, 2], "uv": [16, 18]},
						{"origin": [6, 2, 6], "size": [2, 14, 2], "uv": [24, 18]}
					]
				},
				{
					"name": "walls",
					"pivot": [0, 0, 0],
					"cubes": [
						{"origin": [-6, 3, -8], "size": [12, 2, 1], "uv": [0, 34]},
						{"origin": [-6, 7, -8], "size": [12, 2, 1], "uv": [0, 37]},
						{"origin": [-6, 11, -8], "size": [12, 2, 1], "uv": [0, 40]},
						{"origin": [-8, 3, -6], "size": [1, 2, 12], "uv": [26, 34]},
						{"origin": [-8, 7, -6], "size": [1, 2, 12], "uv": [38, 34]}
					]
				},
				{
					"name": "lid",
					"pivot": [0, 15, 7],
					"cubes": [
						{"origin": [-7, 15, -7], "size": [14, 1, 14], "uv": [0, 43]}
					]
				}
			]
		}
	]
}