{
    "format_version": "1.21.10",
    "minecraft:block": {
        "description": {
            "identifier": "tfc:dead_torch"
        },
        "components": {
            "minecraft:geometry": "geometry.torch",
            "minecraft:material_instances": {
                "*": { "texture": "tfc:dead_torch", "render_method": "alpha_test" }
            },
            "minecraft:light_emission": 0,
            "minecraft:selection_box": { "origin": [-1, 0, -1], "size": },
            "minecraft:collision_box": false
        }
    }
}