{
	"format_version": "1.12.0",
	"minecraft:geometry": [
		{
			"description": {
				"identifier": "geometry.tfc.thrown_spear",
				"texture_width": 32,
				"texture_height": 32,
				"visible_bounds_width": 2,
				"visible_bounds_height": 2,
				"visible_bounds_offset": [0, 0, 0]
			},
			"bones": [
				{
					"name": "root",
					"pivot": [0, 0, 0],
					"cubes": [
						{ "origin": [-0.5, -0.5, -8], "size": [1, 1, 14], "uv": [0, 0] },
						{ "origin": [-1, -0.5, 6], "size": [2, 1, 3], "uv": [0, 15] },
						{ "origin": [-0.5, -0.5, 9], "size": [1, 1, 1], "uv": [0, 20] }
					]
				}
			]
		}
	]
}
