{
    "format_version": "1.21.10",
    "minecraft:entity": {
        "description": {
            "identifier": "tfc:thrown_spear",
            "is_spawnable": false,
            "is_summonable": true,
            "runtime_identifier": "minecraft:snowball" 
        },
        "components": {
            "minecraft:projectile": {
                "on_hit": {
                    "impact_damage": {
                        "damage": 6,
                        "knockback": true,
                        "destroy_on_hit": true
                    },
                    "stick_in_ground": {}
                },
                "power": 1.5,
                "gravity": 0.05,
                "anchor": 1,
                "offset": [0, 0, 0]
            },
            "minecraft:physics": {}
        }
    }
}
