{
  "format_version": "1.12.0",
  "minecraft:geometry": [
    {
      "description": {
        "identifier": "geometry.tfc.anvil",
        "texture_width": 64, "texture_height": 64
      },
      "bones": [
        {
          "name": "base",
          "pivot": [0, 0, 0],
          "cubes": [
            { "origin": [-8, 0, -5], "size": [16, 2, 10], "uv": [0, 0] },
            { "origin": [-4, 2, -3], "size": [8, 4, 6], "uv": [0, 20] },
            { "origin": [-8, 6, -5], "size": [16, 4, 10], "uv": [0, 32] }
          ]
        }
      ]
    }
  ]
}