{
	"format_version": "1.12.0",
	"minecraft:geometry": [
		{
			"description": {
				"identifier": "geometry.tfc.anvil",
				"texture_width": 64,
				"texture_height": 64,
				"visible_bounds_width": 1,
				"visible_bounds_height": 1,
				"visible_bounds_offset": [0, 0.5, 0]
			},
			"bones": [
				{
					"name": "base",
					"pivot": [0, 0, 0],
					"cubes": [
						{"origin": [-6, 0, -4], "size": [12, 3, 8], "uv": [0, 0]},
						{"origin": [-3, 3, -2], "size": [6, 4, 4], "uv": [0, 11]},
						{"origin": [-7, 7, -5], "size": [14, 5, 10], "uv": [0, 19]}
					]
				},
				{
					"name": "horn",
					"pivot": [-7, 9.5, 0],
					"cubes": [
						{"origin": [-11, 7, -3], "size": [4, 4, 6], "uv": [0, 34]}
					]
				}
			]
		}
	]
}