{
	"format_version": "1.12.0",
	"minecraft:geometry": [
		{
			"description": {
				"identifier": "geometry.tfc.bloomery",
				"texture_width": 64,
				"texture_height": 64,
				"visible_bounds_width": 1,
				"visible_bounds_height": 2,
				"visible_bounds_offset": [0, 0.5, 0]
			},
			"bones": [
				{
					"name": "main_body",
					"pivot": [0, 0, 0],
					"cubes": [
						{"origin": [-8, 0, -8], "size": [16, 16, 2], "uv": [0, 0]},
						{"origin": [-8, 0, 6], "size": [16, 16, 2], "uv": [0, 18]},
						{"origin": [-8, 0, -6], "size": [2, 16, 12], "uv": [36, 0]},
						{"origin": [6, 0, -6], "size": [2, 16, 12], "uv": [36, 28]}
					]
				},
				{
					"name": "door_arch",
					"pivot": [0, 0, 0],
					"cubes": [
						{"origin": [-4, 12, -8.1], "size": [8, 4, 1], "uv": [0, 36]}
					]
				}
			]
		}
	]
}

{
	"format_version": "1.12.0",
	"minecraft:geometry": [
		{
			"description": {
				"identifier": "geometry.tfc.bloomery",
				"texture_width": 64,
				"texture_height": 64,
				"visible_bounds_width": 1,
				"visible_bounds_height": 2,
				"visible_bounds_offset": [0, 0.5, 0]
			},
			"bones": [
				{
					"name": "body",
					"pivot": [0, 0, 0],
					"cubes": [
						{"origin": [-8, 0, -8], "size": [16, 32, 2], "uv": [0, 0]},
						{"origin": [-8, 0, 6], "size": [16, 32, 2], "uv": [0, 0]},
						{"origin": [-8, 0, -6], "size": [2, 32, 12], "uv": [0, 0]},
						{"origin": [6, 0, -6], "size": [2, 32, 12], "uv": [0, 0]}
					]
				},
				{
					"name": "arch_top",
					"pivot": [0, 0, 0],
					"cubes": [
						{"origin": [-6, 12, -8.1], "size": [12, 4, 1], "uv": [0, 32]}
					]
				},
				{
					"name": "interior_fill",
					"pivot": [0, 0, 0],
					"cubes": [
						{"origin": [-6, 1, -6], "size": [12, 1, 12], "uv": [32, 32]}
					]
				}
			]
		}
	]
}