{
	"format_version": "1.12.0",
	"minecraft:geometry": [
		{
			"description": {
				"identifier": "geometry.tfc.firepit",
				"texture_width": 32,
				"texture_height": 32,
				"visible_bounds_width": 1,
				"visible_bounds_height": 0.5,
				"visible_bounds_offset": [0, 0.25, 0]
			},
			"bones": [
				{
					"name": "ash",
					"pivot": [0, 0, 0],
					"cubes": [
						{"origin": [-7, 0, -7], "size": [14, 0.1, 14], "uv": [0, 0]}
					]
				},
				{
					"name": "logs",
					"pivot": [0, 0, 0],
					"cubes": [
						{"origin": [-6, 0, -1], "size": [12, 2, 2], "pivot": [0, 1, 0], "rotation": [0, 45, 0], "uv": [0, 15]},
						{"origin": [-6, 0, -1], "size": [12, 2, 2], "pivot": [0, 1, 0], "rotation": [0, -45, 0], "uv": [0, 15]}
					]
				}
			]
		}
	]
}