{
	"format_version": "1.12.0",
	"minecraft:geometry": [
		{
			"description": {
				"identifier": "geometry.tfc.loom",
				"texture_width": 32, "texture_height": 32
			},
			"bones": [
				{
					"name": "frame",
					"pivot": [0, 0, 0],
					"cubes": [
						{"origin": [-8, 0, -1], "size": [2, 16, 2], "uv": [0, 0]},
						{"origin": [6, 0, -1], "size": [2, 16, 2], "uv": [0, 0]},
						{"origin": [-6, 14, -1], "size": [12, 2, 2], "uv": [8, 0]},
						{"origin": [-6, 0, -1], "size": [12, 2, 2], "uv": [8, 4]}
					]
				}
			]
		}
	]
}