{
  "format_version": "1.10.0",
  "render_controllers": {
    "controller.render.tfc.candle": {
      "geometry": "geometry.tfc.candle",
      "materials": [{ "*": "Material.default" }],
      "textures": [ "texture.default" ],
      "part_visibility": [
        { "candle1": "query.block_state('tfc:candle_count') >= 1" },
        { "candle2": "query.block_state('tfc:candle_count') >= 2" },
        { "candle3": "query.block_state('tfc:candle_count') >= 3" },
        { "candle4": "query.block_state('tfc:candle_count') == 4" }
      ]
    }
  }
}