{
    "format_version": "1.21.10",
    "minecraft:block": {
        "description": {
            "identifier": "tfc:fallen_stick"
        },
        "components": {
            "minecraft:geometry": "geometry.tfc.fallen_stick",
            "minecraft:material_instances": {
                "*": {
                    "texture": "tfc:stick",
                    "render_method": "alpha_test",
                    "face_dimming": false
                }
            },
            "minecraft:selection_box": { "origin": [-6, 0, -1], "size": [12, 0.5, 2] },
            "minecraft:collision_box": false,
            "minecraft:destructible_by_mining": { "seconds_to_destroy": 0.05 },
            "minecraft:light_dampening": 0
        }
    }
}
