{
  "format_version": "1.21.10",
  "minecraft:entity": {
    "description": {
      "identifier": "minecraft:player",
      "is_spawnable": false,
      "is_summonable": false,
      "is_experimental": false,
      "properties": {
        "tfc:body_temp": { "type": "float", "default": 36.6, "range": [-20.0, 100.0] },
        "tfc:thirst": { "type": "float", "default": 100.0, "range": [0.0, 100.0] },
        "tfc:bellows_last_use": { "type": "int", "default": 0 },
        "tfc:scraping_progress": { "type": "int", "default": 0, "range": [0, 10] },
        "tfc:gender": { "type": "string", "default": "unknown" },
        "tfc:familiarity": { "type": "float", "default": 0.0, "range": [0, 1.0] }
      }
    },
    "components": {
      "minecraft:type_family": { "family": [ "player" ] },
      "minecraft:health": { "value": 20, "max": 20 },
      "minecraft:inventory": { "container_type": "inventory", "inventory_size": 36 },
      "minecraft:movement": { "value": 0.1 }
    }
  }
}