{
  "format_version": "1.21.10",
  "minecraft:client_block_definition": {
    "description": { "identifier": "tfc:water_wheel" },
    "components": {
      "minecraft:geometry": "geometry.tfc.water_wheel",
      "minecraft:material_instances": { "*": { "texture": "tfc_wood_oak", "render_method": "alpha_test" } },
      "minecraft:animations": { "spin": "animation.tfc.water_wheel.spin" },
      "minecraft:animation_controllers": [ "controller.animation.tfc.water_wheel" ],
      "minecraft:render_controller": "controller.render.tfc.water_wheel"
    }
  }
}