{
  "format_version": "1.21.10",
  "minecraft:feature_rule": {
    "description": {
      "identifier": "tfc:rock_layer_replacement",
      "places_feature": "tfc:rock_replacement_feature"
    },
    "conditions": {
      "placement_pass": "after_world_gen_pass",
      "minecraft:biome_filter": [ { "test": "has_biome_tag", "operator": "==", "value": "overworld" } ]
    },
    "distribution": {
      "iterations": 1,
      "x": 0, "z": 0, "y": "query.heightmap(variable.worldx, variable.worldz)"
    }
  }
}