{
  "format_version": "1.21.20",
  "minecraft:feature_rules": {
    "description": {
      "identifier": "tfc:wild_crop_rule",
      "places_feature": "tfc:wild_crop_feature"
    },
    "conditions": {
      "placement_pass": "surface_pass",
      "minecraft:biome_filter": [
        { "test": "has_biome_tag", "operator": "==", "value": "plain" },
        { "test": "has_biome_tag", "operator": "==", "value": "forest" }
      ]
    },
    "distribution": {
      "iterations": 1,
      "x": { "distribution": "uniform", "extent": [ 0, 16 ] },
      "y": "query.heightmap(variable.worldx, variable.worldz)",
      "z": { "distribution": "uniform", "extent": [ 0, 16 ] }
    }
  }
}