{
  "format_version": "1.21.20",
  "minecraft:feature_rules": {
    "description": {
      "identifier": "tfc:rock_layer_rule",
      "places_feature": "tfc:rock_layer_feature"
    },
    "conditions": {
      "placement_pass": "underground_pass",
      "minecraft:biome_filter": [
        {
          "test": "has_biome_tag",
          "operator": "==",
          "value": "overworld"
        }
      ]
    },
    "distribution": {
      "iterations": 16,
      "coordinate_evaluator": "uniform",
      "x": {
        "distribution": "uniform",
        "extent": [ 0, 16 ]
      },
      "y": {
        "distribution": "uniform",
        "extent": [ -64, 320 ]
      },
      "z": {
        "distribution": "uniform",
        "extent": [ 0, 16 ]
      }
    }
  }
}