{
  "format_version": "1.21.10",
  "minecraft:item": {
    "description": {
      "identifier": "tfc:stone/axe",
      "menu_category": { "category": "equipment" }
    },
    "components": {
      "minecraft:max_stack_size": 1,
      "minecraft:durability": { "max_durability": 60 },
      "minecraft:digger": {
        "use_efficiency": [
          { "blocks": "minecraft:log", "speed": 2.0 },
          { "blocks": "minecraft:leaves", "speed": 4.0 }
        ]
      },
      "minecraft:can_destroy_in_creative": false,
      "minecraft:icon": { "texture": "tfc_stone_axe" },
      "minecraft:display_name": { "value": "item.tfc.stone.axe.name" }
    }
  }
}