{
    "format_version": "1.21.10",
    "minecraft:item": {
        "description": {
            "identifier": "tfc:copper_saw",
            "menu_category": { "category": "equipment" }
        },
        "components": {
            "minecraft:display_name": { "value": "Copper Saw" },
            "minecraft:icon": { "textures": { "default": "tfc:copper_saw" } },
            "minecraft:max_stack_size": 1,
            "minecraft:hand_equipped": true,
            "minecraft:durability": { "max_durability": 300 }
        }
    }
}
