{
    "format_version": "1.21.10",
    "minecraft:item": {
        "description": {
            "identifier": "tfc:copper_pickaxe",
            "menu_category": { "category": "equipment", "group": "itemGroup.name.pickaxes" }
        },
        "components": {
            "minecraft:display_name": { "value": "Copper Pickaxe" },
            "minecraft:icon": { "textures": { "default": "tfc:copper_pickaxe" } },
            "minecraft:hand_equipped": true,
            "minecraft:max_stack_size": 1,
            "minecraft:durability": { "max_durability": 600 },
            "minecraft:digger": {
                "use_efficiency": true,
                "destroy_speeds": [
                    { "block": "minecraft:stone", "speed": 10 },
                    { "block": "tfc:rock_raw_granite", "speed": 10 }
                ]
            },
            "minecraft:damage": { "value": 4 }
        }
    }
}
