{
    "format_version": "1.21.10",
    "minecraft:item": {
        "description": {
            "identifier": "tfc:crucible_molten_copper",
            "menu_category": { "category": "items" }
        },
        "components": {
            "minecraft:display_name": { "value": "Crucible (Molten Copper)" },
            "minecraft:icon": { "textures": { "default": "tfc:crucible_molten_copper" } },
            "minecraft:max_stack_size": 1,
            "minecraft:interact_dist": 3
        }
    }
}
