{
    "format_version": "1.21.10",
    "minecraft:item": {
        "description": {
            "identifier": "tfc:flint_knife",
            "menu_category": {
                "category": "equipment",
                "group": "itemGroup.name.edged"
            }
        },
        "components": {
            "minecraft:display_name": { "value": "Flint Knife" },
            "minecraft:icon": { "textures": { "default": "tfc:flint_knife" } },
            "minecraft:max_stack_size": 1,
            "minecraft:hand_equipped": true,
            "minecraft:durability": {
                "max_durability": 50,
                "damage_chance": { "min": 100, "max": 100 }
            },
            "minecraft:mining_speed": 1.0,
            "minecraft:can_destroy_special_blocks": [
                { "block": "minecraft:tallgrass", "speed": 10 },
                { "block": "minecraft:yellow_flower", "speed": 10 },
                { "block": "minecraft:red_flower", "speed": 10 }
            ],
            "minecraft:damage": { "value": 2 }
        }
    }
}
