{
    "format_version": "1.21.10",
    "minecraft:item": {
        "description": {
            "identifier": "tfc:flint_spear",
            "menu_category": { "category": "equipment", "group": "itemGroup.name.swords" }
        },
        "components": {
            "minecraft:display_name": { "value": "Flint Spear" },
            "minecraft:icon": { "textures": { "default": "tfc:flint_spear" } },
            "minecraft:max_stack_size": 1,
            "minecraft:hand_equipped": true,
            "minecraft:damage": { "value": 4 },
            "minecraft:durability": { "max_durability": 80 },
            "minecraft:on_use": { "on_use": { "event": "tfc:throw_spear" } }
        },
        "events": {
            "tfc:throw_spear": {
                "damage": { "type": "durability", "amount": 1 }
            }
        }
    }
}
