{
    "format_version": "1.21.10",
    "minecraft:item": {
        "description": {
            "identifier": "tfc:gold_pan",
            "menu_category": { "category": "equipment", "group": "itemGroup.name.tools" }
        },
        "components": {
            "minecraft:display_name": { "value": "Gold Pan" },
            "minecraft:icon": { "textures": { "default": "tfc:gold_pan" } },
            "minecraft:max_stack_size": 1,
            "minecraft:hand_equipped": true,
            "minecraft:durability": { "max_durability": 200 }
        }
    }
}
