{
    "format_version": "1.21.10",
    "minecraft:item": {
        "description": {
            "identifier": "tfc:metal_pickaxe_head_copper",
            "menu_category": {
                "category": "items",
                "group": "itemGroup.name.equipment"
            }
        },
        "components": {
            "minecraft:display_name": { "value": "Copper Pickaxe Head" },
            "minecraft:icon": { "textures": { "default": "tfc:metal_pickaxe_head_copper" } },
            "minecraft:max_stack_size": 1,
            "minecraft:tags": {
                "tags": [ "tfc:is_tool_head", "tfc:can_be_hot" ]
            },
            "minecraft:custom_components": [ "tfc:item_data" ]
        }
    }
}
