{
    "format_version": "1.21.10",
    "minecraft:item": {
        "description": {
            "identifier": "tfc:stone_shovel",
            "menu_category": {
                "category": "equipment",
                "group": "itemGroup.name.shovels"
            }
        },
        "components": {
            "minecraft:display_name": { "value": "Stone Shovel" },
            "minecraft:icon": { "textures": { "default": "tfc:stone_shovel" } },
            "minecraft:max_stack_size": 1,
            "minecraft:hand_equipped": true,
            "minecraft:durability": { "max_durability": 60 },
            "minecraft:digger": {
                "use_efficiency": true,
                "destroy_speeds": [
                    { "block": "minecraft:dirt", "speed": 6 },
                    { "block": "minecraft:grass_block", "speed": 6 },
                    { "block": "minecraft:sand", "speed": 6 },
                    { "block": "minecraft:gravel", "speed": 6 },
                    { "block": "tfc:clay_loam", "speed": 6 }
                ]
            },
            "minecraft:damage": { "value": 2 }
        }
    }
}
