{
    "format_version": "1.21.10",
    "minecraft:item": {
        "description": {
            "identifier": "tfc:stone_hammer",
            "menu_category": { "category": "equipment", "group": "itemGroup.name.hammer" }
        },
        "components": {
            "minecraft:display_name": { "value": "Stone Hammer" },
            "minecraft:icon": { "textures": { "default": "tfc:stone_hammer" } },
            "minecraft:max_stack_size": 1,
            "minecraft:hand_equipped": true,
            "minecraft:durability": { "max_durability": 60 },
            "minecraft:damage": { "value": 3 }
        }
    }
}
