{
    "format_version": "1.21.10",
    "minecraft:item": {
        "description": {
            "identifier": "tfc:stone_axe",
            "menu_category": { "category": "equipment", "group": "itemGroup.name.axes" }
        },
        "components": {
            "minecraft:display_name": { "value": "Stone Axe" },
            "minecraft:icon": { "textures": { "default": "tfc:stone_axe" } },
            "minecraft:hand_equipped": true,
            "minecraft:max_stack_size": 1,
            "minecraft:durability": { "max_durability": 150 },
            "minecraft:digger": {
                "use_efficiency": true,
                "destroy_speeds": [
                    { "block": "minecraft:log", "speed": 4 },
                    { "block": "minecraft:log2", "speed": 4 }
                ]
            }
        }
    }
}


{
    "format_version": "1.21.10",
    "minecraft:item": {
        "description": {
            "identifier": "tfc:stone_axe",
            "menu_category": { "category": "equipment", "group": "itemGroup.name.axes" }
        },
        "components": {
            "minecraft:display_name": { "value": "Stone Axe" },
            "minecraft:icon": { "textures": { "default": "tfc:stone_axe" } },
            "minecraft:hand_equipped": true,
            "minecraft:max_stack_size": 1,
            "minecraft:durability": { 
                "max_durability": 100,
                "damage_chance": { "min": 100, "max": 100 } 
            },
            "minecraft:digger": {
                "use_efficiency": true,
                "destroy_speeds": [
                    { "block": "minecraft:log", "speed": 4 },
                    { "block": "minecraft:log2", "speed": 4 }
                ]
            }
        }
    }
}
