{
  "format_version": "1.21.10",
  "minecraft:block": {
    "description": {
      "identifier": "tfc:bloomery",
      "states": {
        "tfc:is_formed": [false, true],
        "tfc:is_lit": [false, true]
      }
    },
    "components": {
      "minecraft:geometry": "geometry.tfc.bloomery_base",
      "minecraft:material_instances": { "*": { "texture": "tfc_bloomery", "render_method": "opaque" } },
      "minecraft:destructible_by_mining": { "seconds_to_destroy": 3.0 },
      "minecraft:on_interact": { "event": "tfc:check_structure_event" }
    },
    "events": {
      "tfc:check_structure_event": {
        "run_command": { "command": ["scriptevent tfc:check_bloomery"] }
      }
    }
  }
}