{
  "format_version": "1.21.10",
  "minecraft:block": {
    "description": {
      "identifier": "tfc:log_pile",
      "menu_category": { "category": "items" },
      "states": {
        "tfc:pile_count": [1, 2, 3, 4]
      }
    },
    "components": {
      "minecraft:geometry": "geometry.tfc.log_pile",
      "minecraft:material_instances": {
        "*": { "texture": "tfc_log_pile", "render_method": "opaque" }
      },
      "minecraft:destructible_by_mining": { "seconds_to_destroy": 1.5 },
      "minecraft:selection_box": { "origin": [-8, 0, -8], "size": },
      "minecraft:collision_box": { "origin": [-8, 0, -8], "size": }
    },
    "permutations": [
      {
        "condition": "query.block_state('tfc:pile_count') == 1",
        "components": {
          "minecraft:selection_box": { "origin": [-8, 0, -8], "size": },
          "minecraft:collision_box": { "origin": [-8, 0, -8], "size": }
        }
      },
      {
        "condition": "query.block_state('tfc:pile_count') == 2",
        "components": {
          "minecraft:selection_box": { "origin": [-8, 0, -8], "size": },
          "minecraft:collision_box": { "origin": [-8, 0, -8], "size": }
        }
      },
      {
        "condition": "query.block_state('tfc:pile_count') == 3",
        "components": {
          "minecraft:selection_box": { "origin": [-8, 0, -8], "size": },
          "minecraft:collision_box": { "origin": [-8, 0, -8], "size": }
        }
      },
      {
        "condition": "query.block_state('tfc:pile_count') == 4",
        "components": {
          "minecraft:selection_box": { "origin": [-8, 0, -8], "size": },
          "minecraft:collision_box": { "origin": [-8, 0, -8], "size": }
        }
      }
    ]
  }