{
  "format_version": "1.21.10",
  "minecraft:block": {
    "description": {
      "identifier": "tfc:loose_rock",
      "states": {
        "tfc:rock_type": [
          "andesite", "basalt", "chalk", "chert", "claystone", "conglomerate", "dacite", 
          "diorite", "dolomite", "gabbro", "gneiss", "granite", "limestone", "marble", 
          "phyllite", "quartzite", "rhyolite", "schist", "shale", "slate"
        ]
      }
    },
    "components": {
      "minecraft:geometry": "geometry.tfc.loose_rock",
      "minecraft:material_instances": {
        "*": { "texture": "tfc_loose_rock", "render_method": "alpha_test" }
      },
      "minecraft:destructible_by_mining": { "seconds_to_destroy": 0.1 },
      "minecraft:selection_box": { "origin": [-4, 0, -4], "size": [8, 1, 8] }
    },
    "permutations": [
      {
        "condition": "query.block_state('tfc:rock_type') == 'andesite'",
        "components": { "minecraft:material_instances": { "*": { "texture": "tfc_rock_andesite" } } }
      },
      {
        "condition": "query.block_state('tfc:rock_type') == 'basalt'",
        "components": { "minecraft:material_instances": { "*": { "texture": "tfc_rock_basalt" } } }
      },
      {
        "condition": "query.block_state('tfc:rock_type') == 'chalk'",
        "components": { "minecraft:material_instances": { "*": { "texture": "tfc_rock_chalk" } } }
      },
      {
        "condition": "query.block_state('tfc:rock_type') == 'chert'",
        "components": { "minecraft:material_instances": { "*": { "texture": "tfc_rock_chert" } } }
      },
      {
        "condition": "query.block_state('tfc:rock_type') == 'claystone'",
        "components": { "minecraft:material_instances": { "*": { "texture": "tfc_rock_claystone" } } }
      },
      {
        "condition": "query.block_state('tfc:rock_type') == 'conglomerate'",
        "components": { "minecraft:material_instances": { "*": { "texture": "tfc_rock_conglomerate" } } }
      },
      {
        "condition": "query.block_state('tfc:rock_type') == 'dacite'",
        "components": { "minecraft:material_instances": { "*": { "texture": "tfc_rock_dacite" } } }
      },
      {
        "condition": "query.block_state('tfc:rock_type') == 'diorite'",
        "components": { "minecraft:material_instances": { "*": { "texture": "tfc_rock_diorite" } } }
      },
      {
        "condition": "query.block_state('tfc:rock_type') == 'dolomite'",
        "components": { "minecraft:material_instances": { "*": { "texture": "tfc_rock_dolomite" } } }
      },
      {
        "condition": "query.block_state('tfc:rock_type') == 'gabbro'",
        "components": { "minecraft:material_instances": { "*": { "texture": "tfc_rock_gabbro" } } }
      },
      {
        "condition": "query.block_state('tfc:rock_type') == 'gneiss'",
        "components": { "minecraft:material_instances": { "*": { "texture": "tfc_rock_gneiss" } } }
      },
      {
        "condition": "query.block_state('tfc:rock_type') == 'granite'",
        "components": { "minecraft:material_instances": { "*": { "texture": "tfc_rock_granite" } } }
      },
      {
        "condition": "query.block_state('tfc:rock_type') == 'limestone'",
        "components": { "minecraft:material_instances": { "*": { "texture": "tfc_rock_limestone" } } }
      },
      {
        "condition": "query.block_state('tfc:rock_type') == 'marble'",
        "components": { "minecraft:material_instances": { "*": { "texture": "tfc_rock_marble" } } }
      },
      {
        "condition": "query.block_state('tfc:rock_type') == 'phyllite'",
        "components": { "minecraft:material_instances": { "*": { "texture": "tfc_rock_phyllite" } } }
      },
      {
        "condition": "query.block_state('tfc:rock_type') == 'quartzite'",
        "components": { "minecraft:material_instances": { "*": { "texture": "tfc_rock_quartzite" } } }
      },
      {
        "condition": "query.block_state('tfc:rock_type') == 'rhyolite'",
        "components": { "minecraft:material_instances": { "*": { "texture": "tfc_rock_rhyolite" } } }
      },
      {
        "condition": "query.block_state('tfc:rock_type') == 'schist'",
        "components": { "minecraft:material_instances": { "*": { "texture": "tfc_rock_schist" } } }
      },
      {
        "condition": "query.block_state('tfc:rock_type') == 'shale'",
        "components": { "minecraft:material_instances": { "*": { "texture": "tfc_rock_shale" } } }
      },
      {
        "condition": "query.block_state('tfc:rock_type') == 'slate'",
        "components": { "minecraft:material_instances": { "*": { "texture": "tfc_rock_slate" } } }
      }
      // И так далее для всех 20 типов...
    ]
  }
}