{
  "format_version": "1.21.10",
  "minecraft:block": {
    "description": {
      "identifier": "tfc:pit_kiln",
      "menu_category": { "category": "construction" }
    },
    "components": {
      "minecraft:destructible_by_mining": { "seconds_to_destroy": 0.1 },
      "minecraft:map_color": "#A0522D",
      "minecraft:geometry": "geometry.tfc.pit_kiln_unlit",
      "minecraft:material_instances": {
        "*": { "texture": "tfc_pit_kiln_unlit", "render_method": "opaque" }
      }
    }
  }
}