{
  "format_version": "1.21.10",
  "minecraft:block": {
    "description": {
      "identifier": "tfc:support_beam",
      "states": { "tfc:support_type": [0, 1] }
    },
    "components": {
      "minecraft:destructible_by_mining": { "seconds_to_destroy": 2.0 },
      "minecraft:material_instances": { "*": { "texture": "tfc_support_oak", "render_method": "opaque" } }
    },
    "permutations": [
      {
        "condition": "query.block_state('tfc:support_type') == 0",
        "components": { "minecraft:geometry": "geometry.tfc.support_vertical" }
      },
      {
        "condition": "query.block_state('tfc:support_type') == 1",
        "components": { "minecraft:geometry": "geometry.tfc.support_horizontal" }
      }
    ]
  }
}